{"policy_0/loss": 0.5484123229980469, "_timestamp": 1708504453.4768445, "policy_0/grad_norm": 7.81882381439209, "policy_0/Q_tot": 1.939223051071167, "average_episode_rewards": 13.798125267028809, "win_rate": 0.30303030303030304, "_runtime": 2533.498806476593, "_step": 457407}