{"policy_0/loss": 0.3698712885379791, "_timestamp": 1708504451.7002199, "policy_0/grad_norm": 3.6519551277160645, "policy_0/Q_tot": 1.9096530675888062, "average_episode_rewards": 13.045563697814941, "win_rate": 0.18181818181818182, "_runtime": 2385.944552898407, "_step": 406521}