{"policy_0/loss": 0.6296098232269287, "_timestamp": 1707030774.2547176, "policy_0/grad_norm": 7.9584245681762695, "policy_0/Q_tot": 5.4072675704956055, "average_episode_rewards": 17.843900680541992, "win_rate": 0.8372093023255814, "_runtime": 8972.522813558578, "_step": 1999140, "eval_win_rate": 0.96875, "eval_average_episode_rewards": 19.551368713378906, "_wandb": {"runtime": 8974}}