{"policy_0/loss": 0.5272452235221863, "_timestamp": 1708504451.94171, "policy_0/grad_norm": 12.250875473022461, "policy_0/Q_tot": 2.3424439430236816, "average_episode_rewards": 14.689620018005371, "win_rate": 0.42857142857142855, "_runtime": 2431.8419649600983, "_step": 409274}