{"policy_0/critic_loss": 1.7955567836761475, "_timestamp": 1707038124.6803563, "policy_0/critic_grad_norm": 64.9172592163086, "policy_0/update_actor": true, "average_episode_rewards": 18.038604736328125, "win_rate": 0.8409090909090909, "_runtime": 18229.87595319748, "_step": 1999801, "policy_0/actor_grad_norm": 0.23482896387577057, "policy_0/actor_loss": -13.888533592224121, "eval_win_rate": 1.0, "eval_average_episode_rewards": 20.0, "_wandb": {"runtime": 18222}}