{"policy_0/loss": 0.5334129333496094, "_timestamp": 1708501313.606636, "policy_0/grad_norm": 3.7850682735443115, "policy_0/Q_tot": 2.5220959186553955, "average_episode_rewards": 17.458032608032227, "win_rate": 0.6666666666666666, "_runtime": 4961.419537067413, "_step": 1000023, "_wandb": {"runtime": 4960}, "eval_win_rate": 0.90625, "eval_average_episode_rewards": 19.282373428344727}