{"policy_0/critic_loss": 0.08270186185836792, "_timestamp": 1707020221.7879105, "policy_0/critic_grad_norm": 0.2869783937931061, "policy_0/update_actor": true, "average_episode_rewards": 1.2712327241897583, "win_rate": 0.0, "_runtime": 74.68548846244812, "_step": 9154, "policy_0/actor_grad_norm": 0.049732908606529236, "policy_0/actor_loss": -0.7510072588920593, "_wandb": {"runtime": 76}}